<?xml version="1.0" encoding="UTF-8"?>
<GenRun Id="synth_1" LaunchPart="xc7k70tfbv676-1" LaunchTime="1679361161">
  <File Type="PA-TCL" Name="ALU.tcl"/>
  <File Type="REPORTS-TCL" Name="ALU_reports.tcl"/>
  <File Type="RDS-RDS" Name="ALU.vds"/>
  <File Type="RDS-DCP" Name="ALU.dcp"/>
  <FileSet Name="sources" Type="DesignSrcs" RelSrcDir="$PSRCDIR/sources_1">
    <Filter Type="Srcs"/>
    <File Path="$PSRCDIR/sources_1/new/addc.vhd">
      <FileInfo>
        <Attr Name="ImportPath" Val="$PPRDIR/../../project_1.srcs/sources_1/new/addc.vhd"/>
        <Attr Name="ImportTime" Val="1678736753"/>
        <Attr Name="UsedIn" Val="synthesis"/>
        <Attr Name="UsedIn" Val="simulation"/>
      </FileInfo>
    </File>
    <File Path="$PSRCDIR/sources_1/new/adder.vhd">
      <FileInfo>
        <Attr Name="ImportPath" Val="$PPRDIR/../../project_1.srcs/sources_1/new/adder.vhd"/>
        <Attr Name="ImportTime" Val="1678736753"/>
        <Attr Name="UsedIn" Val="synthesis"/>
        <Attr Name="UsedIn" Val="simulation"/>
      </FileInfo>
    </File>
    <File Path="$PSRCDIR/sources_1/new/exclusiveOr.vhd">
      <FileInfo>
        <Attr Name="ImportPath" Val="$PPRDIR/../../project_1.srcs/sources_1/new/exclusiveOr.vhd"/>
        <Attr Name="ImportTime" Val="1678736753"/>
        <Attr Name="UsedIn" Val="synthesis"/>
        <Attr Name="UsedIn" Val="simulation"/>
      </FileInfo>
    </File>
    <File Path="$PSRCDIR/sources_1/new/hold.vhd">
      <FileInfo>
        <Attr Name="ImportPath" Val="$PPRDIR/../../project_1.srcs/sources_1/new/hold.vhd"/>
        <Attr Name="ImportTime" Val="1678736753"/>
        <Attr Name="UsedIn" Val="synthesis"/>
        <Attr Name="UsedIn" Val="simulation"/>
      </FileInfo>
    </File>
    <File Path="$PSRCDIR/sources_1/new/load.vhd">
      <FileInfo>
        <Attr Name="ImportPath" Val="$PPRDIR/../../project_1.srcs/sources_1/new/load.vhd"/>
        <Attr Name="ImportTime" Val="1678736753"/>
        <Attr Name="UsedIn" Val="synthesis"/>
        <Attr Name="UsedIn" Val="simulation"/>
      </FileInfo>
    </File>
    <File Path="$PSRCDIR/sources_1/new/mux5.vhd">
      <FileInfo>
        <Attr Name="ImportPath" Val="$PPRDIR/../../project_1.srcs/sources_1/new/mux5.vhd"/>
        <Attr Name="ImportTime" Val="1678739546"/>
        <Attr Name="UsedIn" Val="synthesis"/>
        <Attr Name="UsedIn" Val="simulation"/>
      </FileInfo>
    </File>
    <File Path="$PSRCDIR/sources_1/new/ALU.vhd">
      <FileInfo>
        <Attr Name="ImportPath" Val="$PPRDIR/../../project_1.3.srcs/sources_1/new/ALU.vhd"/>
        <Attr Name="ImportTime" Val="1678757737"/>
        <Attr Name="UsedIn" Val="synthesis"/>
        <Attr Name="UsedIn" Val="simulation"/>
      </FileInfo>
    </File>
    <Config>
      <Option Name="DesignMode" Val="RTL"/>
      <Option Name="TopModule" Val="ALU"/>
    </Config>
  </FileSet>
  <FileSet Name="constrs_in" Type="Constrs" RelSrcDir="$PSRCDIR/constrs_1">
    <Filter Type="Constrs"/>
    <Config>
      <Option Name="ConstrsType" Val="XDC"/>
    </Config>
  </FileSet>
  <FileSet Name="utils" Type="Utils" RelSrcDir="$PSRCDIR/utils_1">
    <Filter Type="Utils"/>
    <Config>
      <Option Name="TopAutoSet" Val="TRUE"/>
    </Config>
  </FileSet>
  <Strategy Version="1" Minor="2">
    <StratHandle Name="Vivado Synthesis Defaults" Flow="Vivado Synthesis 2020"/>
    <Step Id="synth_design"/>
  </Strategy>
</GenRun>
